dimension,cg_fitted_seconds,quantum_fitted_one_shot_seconds,quantum_fitted_1000_shots_seconds
32,7.796272200558536e-05,0.0006978390064351946,0.6978390064351946
64,0.00012551222794213968,0.0016222652357668677,1.6222652357668677
128,0.00020206220303430452,0.0037712774306234344,3.7712774306234342
256,0.00032530004896334455,0.008767082684852394,8.767082684852394
512,0.0005237007231757692,0.020380823266649084,20.380823266649085
1024,0.0008431060749263151,0.04737926764898283,47.379267648982825
